"MPA_Name","Baseline_pH_Mean","Baseline_pH_SD","Baseline_pH_Min","Baseline_pH_Max","pH_Anomaly_SSP126","pH_Anomaly_SSP245","pH_Anomaly_SSP585","Future_ph_ssp126","Future_ph_ssp245","Future_ph_ssp585","SSP585_vs_SSP126_diff"
"Mombasa Marine Park",7.9573,NA,7.9573,7.9573,-0.0885,-0.3665,-0.3665,7.8689,7.5908,7.5908,-0.278
"Mombasa Marine Reserve",7.9462,0.0138,7.9272,7.9576,-0.1056,-0.3301,-0.3301,7.8406,7.6161,7.6161,-0.2245
"Watamu National Park",7.9539,0.0016,7.9528,7.9551,-0.0865,-0.3827,-0.3827,7.8674,7.5713,7.5713,-0.2962
"Malindi  National Park",8.0395,0.0361,8.014,8.065,-0.0648,-0.37,-0.37,7.9747,7.6695,7.6695,-0.3052
"Kiunga Marine National Reserve",8.0591,0.0019,8.0566,8.0611,-0.0606,-0.3603,-0.3603,7.9985,7.6987,7.6987,-0.2997
"Kisite-Mpunguti Marine Reserve",7.986,0.0638,7.9405,8.059,-0.0884,-0.3427,-0.3427,7.8975,7.6432,7.6432,-0.2543
"Kisite-Mpunguti Marine Park",8.0613,0.0033,8.059,8.0637,-0.0606,-0.3624,-0.3624,8.0007,7.6989,7.6989,-0.3018
"Diani-Chale Marine National Park and Reserve",8.0112,0.0693,7.9622,8.0602,-0.0728,-0.3747,-0.3747,7.9385,7.6365,7.6365,-0.3019
"Parc National Coelacanthe",7.8506,0.0848,7.779,7.9443,-0.0921,-0.1823,-0.1823,7.7585,7.6683,7.6683,-0.0902
"Parc National Mitsamiouli-Ndroude",7.9651,NA,7.9651,7.9651,-0.0819,-0.3812,-0.3812,7.8832,7.5839,7.5839,-0.2993
"Parc National Shisiwani",8.017,0.0597,7.9748,8.0592,-0.0789,-0.3725,-0.3725,7.9381,7.6445,7.6445,-0.2936
"Parc National de Moheli (Moheli National Park)
",7.976,0.07,7.8373,8.0698,-0.0827,-0.3429,-0.3429,7.8933,7.6331,7.6331,-0.2602
"Soariake",8.022,0.0537,7.9467,8.0753,-0.0684,-0.3683,-0.3683,7.9536,7.6537,7.6537,-0.2999
"Ankarea",8.0637,0.0067,8.0541,8.0739,-0.0612,-0.3674,-0.3674,8.0024,7.6963,7.6963,-0.3062
"Ambodivahibe",7.9358,0.0817,7.7852,8.066,-0.0922,-0.2797,-0.2797,7.8435,7.6561,7.6561,-0.1875
"Velondriake",8.0446,0.0441,7.9502,8.0802,-0.0649,-0.3679,-0.3679,7.9797,7.6767,7.6767,-0.303
"Kirindy Mite",8.0608,0.0071,8.0563,8.0795,-0.0599,-0.3612,-0.3612,8.0009,7.6995,7.6995,-0.3013
"Lokobe",8.0565,NA,8.0565,8.0565,-0.0603,-0.3646,-0.3646,7.9961,7.6919,7.6919,-0.3043
"Mananara Nord",8.0786,0.0087,8.0724,8.0847,-0.062,-0.3754,-0.3754,8.0166,7.7031,7.7031,-0.3134
"Masoala",8.0769,0.0054,8.0731,8.0807,-0.0627,-0.3747,-0.3747,8.0142,7.7022,7.7022,-0.312
"Nosy Hara",8.0351,0.0776,7.7756,8.0785,-0.0672,-0.3419,-0.3419,7.9679,7.6933,7.6933,-0.2747
"Nosy Mangabe",8.0687,0.0039,8.0653,8.073,-0.0637,-0.3755,-0.3755,8.0049,7.6932,7.6932,-0.3118
"Nosy Tanihely",8.0581,NA,8.0581,8.0581,-0.0607,-0.365,-0.365,7.9974,7.693,7.693,-0.3043
"Nosy Ve Androka",8.0261,0.0603,7.878,8.0859,-0.0716,-0.3652,-0.3652,7.9545,7.6609,7.6609,-0.2936
"Sahamalaza Iles Radama",8.067,0.0061,8.0595,8.0745,-0.061,-0.3697,-0.3697,8.006,7.6974,7.6974,-0.3087
"Ankivonjy",7.9383,0.1187,7.768,8.074,-0.0561,-0.2213,-0.2213,7.8822,7.717,7.717,-0.1652
"Marromeu",NA,NA,NA,NA,1,1,1,NA,NA,NA,0
"Bazaruto Archipelago",8.0555,0.0265,7.9708,8.0701,-0.0606,-0.3677,-0.3677,7.9949,7.6878,7.6878,-0.3071
"Cabo Sao Sebastiao",8.0668,0.0013,8.0647,8.0686,-0.0584,-0.364,-0.364,8.0084,7.7028,7.7028,-0.3056
"Ponta do Ouro",8.0648,0.0258,7.9937,8.0845,-0.0658,-0.3767,-0.3767,7.999,7.688,7.688,-0.3109
"Primeiras and Segundas",8.0396,0.05,7.8225,8.0745,-0.0665,-0.3593,-0.3593,7.9732,7.6803,7.6803,-0.2928
"Prince Edward Island",7.8341,0.0426,7.7478,8.0589,-0.0198,-0.0285,-0.0285,7.8143,7.8056,7.8056,-0.0087
"Kirui Island",8.0599,NA,8.0599,8.0599,-0.0606,-0.3615,-0.3615,7.9993,7.6984,7.6984,-0.3009
"Mafia Island",8.0445,0.034,7.956,8.0678,-0.0641,-0.3656,-0.3656,7.9804,7.679,7.679,-0.3015
"Nyororo Island",8.0577,NA,8.0577,8.0577,-0.06,-0.3616,-0.3616,7.9977,7.6961,7.6961,-0.3016
"Mbarakuni Island",8.057,1e-04,8.0569,8.057,-0.0603,-0.3616,-0.3616,7.9967,7.6953,7.6953,-0.3013
"Mnazi Bay-Ruvuma Estuary",8.0367,0.042,7.9631,8.0646,-0.0649,-0.3705,-0.3705,7.9717,7.6662,7.6662,-0.3056
"Tanga Coelacanth Marine Park (TACMP)",8.0024,0.0477,7.9543,8.0625,-0.074,-0.3756,-0.3756,7.9284,7.6269,7.6269,-0.3016
"Ulenge Island",8.0625,4e-04,8.0621,8.0628,-0.0606,-0.3619,-0.3619,8.0019,7.7005,7.7005,-0.3013
"Kwale Island",8.0628,NA,8.0628,8.0628,-0.0605,-0.3622,-0.3622,8.0022,7.7006,7.7006,-0.3017
"Mwewe Island",NA,NA,NA,NA,1,1,1,NA,NA,NA,0
"Bongoyo Island",8.0623,0.0043,8.0574,8.0657,-0.0608,-0.3624,-0.3624,8.0015,7.6999,7.6999,-0.3016
"Pangavini Island",8.0574,NA,8.0574,8.0574,-0.0606,-0.3613,-0.3613,7.9969,7.6962,7.6962,-0.3007
"Mbudya Island",8.0657,NA,8.0657,8.0657,-0.0611,-0.3634,-0.3634,8.0046,7.7023,7.7023,-0.3023
"Fungu-Yasin",8.064,0.0039,8.0586,8.0673,-0.061,-0.363,-0.363,8.003,7.701,7.701,-0.302
"Kendwa Island",8.0621,NA,8.0621,8.0621,-0.0605,-0.3618,-0.3618,8.0017,7.7003,7.7003,-0.3013
"Makatube Island",8.0668,NA,8.0668,8.0668,-0.061,-0.3634,-0.3634,8.0057,7.7033,7.7033,-0.3024
"Shungumbili",8.0592,0.0026,8.0574,8.0623,-0.0603,-0.3622,-0.3622,7.9989,7.697,7.697,-0.3019
"Sinda Island",8.0281,0.0481,7.9941,8.0621,-0.069,-0.3745,-0.3745,7.9591,7.6536,7.6536,-0.3055
"Maziwe Island",8.0456,0.007,8.0407,8.0506,-0.0629,-0.3684,-0.3684,7.9827,7.6772,7.6772,-0.3055
"Quirimbas",8.0299,0.0431,7.9494,8.0703,-0.0679,-0.367,-0.367,7.962,7.6629,7.6629,-0.2991
"Pemba Channel",8.0033,0.0572,7.8654,8.0622,-0.0783,-0.3535,-0.3535,7.925,7.6498,7.6498,-0.2752
"Mnemba Island Marine Conservation Area (MIMCA)",8.0242,0.0439,7.9593,8.0646,-0.0695,-0.3723,-0.3723,7.9547,7.6519,7.6519,-0.3028
"Menai Bay Conservation Area",8.0546,0.0255,7.9635,8.0666,-0.0629,-0.3643,-0.3643,7.9917,7.6903,7.6903,-0.3014
"Changuu-Bawe",8.0609,9e-04,8.0598,8.0621,-0.0605,-0.3618,-0.3618,8.0004,7.6991,7.6991,-0.3013
"Tumbatu",8.0591,6e-04,8.0584,8.0595,-0.0608,-0.3617,-0.3617,7.9983,7.6973,7.6973,-0.3009
"Ngezi-Vumawimbi",7.9606,0.0033,7.9583,7.9629,-0.0881,-0.3707,-0.3707,7.8725,7.5899,7.5899,-0.2826
"Chumbe Island Coral Park/ Sanctuary",8.064,NA,8.064,8.064,-0.0606,-0.3629,-0.3629,8.0034,7.7011,7.7011,-0.3023
"Pomene",NA,NA,NA,NA,1,1,1,NA,NA,NA,0
"TBCA",7.9972,0.0843,7.8467,8.0643,-0.0827,-0.3313,-0.3313,7.9144,7.6659,7.6659,-0.2486
"Black river",8.0885,0.0105,8.0818,8.1005,-0.0648,-0.3887,-0.3887,8.0236,7.6997,7.6997,-0.3239
"Grand Port Zone A",NA,NA,NA,NA,1,1,1,NA,NA,NA,0
"Blue Bay",7.8194,NA,7.8194,7.8194,-0.0356,-0.035,-0.035,7.7838,7.7844,7.7844,6e-04
"Grand Port Zone B",7.8194,NA,7.8194,7.8194,-0.0356,-0.035,-0.035,7.7838,7.7844,7.7844,6e-04
"Trou d' Eau Douce",8.0642,0.0179,8.0515,8.0769,-0.0735,-0.3964,-0.3964,7.9907,7.6678,7.6678,-0.3229
"Poste La Fayette",8.0525,0.0423,8.0226,8.0824,-0.0822,-0.3764,-0.3764,7.9703,7.6761,7.6761,-0.2942
"Poudre d' Or",8.0481,NA,8.0481,8.0481,-0.0884,-0.4177,-0.4177,7.9598,7.6304,7.6304,-0.3293
"Balaclava",7.8354,NA,7.8354,7.8354,-0.0235,-0.0223,-0.0223,7.812,7.8132,7.8132,0.0012
"Black River",7.9459,0.1941,7.8087,8.0831,-0.0524,-0.2117,-0.2117,7.8935,7.7342,7.7342,-0.1593
"Port Louis",7.8562,NA,7.8562,7.8562,-0.0714,-0.0976,-0.0976,7.7848,7.7586,7.7586,-0.0262
"Passe Demie",8.0914,0.0094,8.0812,8.0996,-0.0676,-0.3953,-0.3953,8.0238,7.6962,7.6962,-0.3277
"Grand Bassin",8.0819,0.0265,8.0424,8.0984,-0.0703,-0.3964,-0.3964,8.0117,7.6855,7.6855,-0.3261
"Anse aux Anglais",8.0773,NA,8.0773,8.0773,-0.0628,-0.38,-0.38,8.0146,7.6974,7.6974,-0.3172
"Riviere Banane",NA,NA,NA,NA,1,1,1,NA,NA,NA,0
"South East Marine Protected Area (SEMPA)",8.0774,NA,8.0774,8.0774,-0.0628,-0.38,-0.38,8.0147,7.6974,7.6974,-0.3172
"Baie de Boueni",7.9023,0.1407,7.7599,8.0645,-0.0673,-0.2308,-0.2308,7.8351,7.6715,7.6715,-0.1635
"Natural Reserve of Mbouzi",7.9986,NA,7.9986,7.9986,-0.0794,-0.398,-0.398,7.9192,7.6006,7.6006,-0.3186
"Natural Marine Reserve of Reunion Island",8.0946,NA,8.0946,8.0946,-0.0632,-0.3834,-0.3834,8.0314,7.7111,7.7111,-0.3202
"Mayotte",7.9486,0.115,7.7589,8.075,-0.0664,-0.2663,-0.2663,7.8822,7.6824,7.6824,-0.1999
"vasière des Badamiers",7.8237,NA,7.8237,7.8237,-0.0176,-0.0182,-0.0182,7.8061,7.8054,7.8054,-6e-04
"Alphonse",7.8542,NA,7.8542,7.8542,-0.1141,-0.2839,-0.2839,7.7401,7.5702,7.5702,-0.1698
"Desroches ",7.9523,NA,7.9523,7.9523,-0.0774,-0.3542,-0.3542,7.8749,7.5981,7.5981,-0.2768
"Poivre",7.834,NA,7.834,7.834,-0.1191,-0.2432,-0.2432,7.7149,7.5908,7.5908,-0.1241
"Farquhar",7.8643,NA,7.8643,7.8643,-0.0791,-0.3582,-0.3582,7.7852,7.5061,7.5061,-0.2791
"D'Aross And St. Joseph",7.9292,NA,7.9292,7.9292,-0.0816,-0.3574,-0.3574,7.8475,7.5718,7.5718,-0.2758
"Malgas Island",7.9402,NA,7.9402,7.9402,-0.0616,-0.3814,-0.3814,7.8786,7.5588,7.5588,-0.3198
"Jutten Island",7.9402,NA,7.9402,7.9402,-0.0616,-0.3814,-0.3814,7.8786,7.5588,7.5588,-0.3198
"Langebaan Lagoon",8.109,0.028,8.079,8.1344,-0.0683,-0.3802,-0.3802,8.0407,7.7288,7.7288,-0.3119
"Sixteen Mile Beach",7.9467,0.0442,7.8986,7.9945,-0.0602,-0.3841,-0.3841,7.8866,7.5627,7.5627,-0.3239
"Table Mountain National Park",8.002,0.0462,7.9475,8.0889,-0.0813,-0.3845,-0.3845,7.9207,7.6175,7.6175,-0.3032
"Helderberg",8.1024,NA,8.1024,8.1024,-0.0766,-0.3927,-0.3927,8.0259,7.7097,7.7097,-0.3161
"Betty's Bay",8.0578,NA,8.0578,8.0578,-0.085,-0.4058,-0.4058,7.9728,7.6521,7.6521,-0.3208
"De Hoop",8.067,0.0403,7.9944,8.1212,-0.0927,-0.4076,-0.4076,7.9743,7.6594,7.6594,-0.3149
"Goukamma",8.1248,NA,8.1248,8.1248,-0.0724,-0.3846,-0.3846,8.0523,7.7402,7.7402,-0.3122
"Robberg",8.0478,0.0108,8.0402,8.0554,-0.0845,-0.3895,-0.3895,7.9632,7.6583,7.6583,-0.305
"Tsitsikamma",8.0298,0.0141,8.0059,8.0567,-0.0869,-0.3837,-0.3837,7.9429,7.6461,7.6461,-0.2968
"Sardinia Bay",8.0528,0.0012,8.052,8.0537,-0.0908,-0.3849,-0.3849,7.962,7.6679,7.6679,-0.2941
"Dwesa-Cwebe",8.0524,0.0052,8.0478,8.0618,-0.0863,-0.3962,-0.3962,7.9661,7.6562,7.6562,-0.3099
"Hluleka",8.0577,0.018,8.045,8.0705,-0.0835,-0.3957,-0.3957,7.9742,7.662,7.662,-0.3122
"Trafalgar",8.0821,0.0013,8.0812,8.0829,-0.0687,-0.379,-0.379,8.0134,7.703,7.703,-0.3103
"Pondoland",7.9839,0.0909,7.8214,8.0826,-0.0843,-0.3028,-0.3028,7.8997,7.6811,7.6811,-0.2185
"Marcus Island",8.0339,NA,8.0339,8.0339,-0.0672,-0.3898,-0.3898,7.9667,7.6441,7.6441,-0.3226
"Stilbaai",8.1133,NA,8.1133,8.1133,-0.0856,-0.3997,-0.3997,8.0277,7.7135,7.7135,-0.3141
"Amathole",8.0892,0.0147,8.0655,8.1114,-0.0804,-0.3895,-0.3895,8.0089,7.6997,7.6997,-0.3091
"Walker Bay Whale Sanctuary",8.0621,0.0119,8.0468,8.0725,-0.0872,-0.4059,-0.4059,7.9749,7.6562,7.6562,-0.3187
"RocherPan",7.9095,0.0699,7.8601,7.9589,-0.0786,-0.3885,-0.3885,7.8309,7.521,7.521,-0.3099
"Addo Elephant",8.0849,0.0144,8.0657,8.1179,-0.0786,-0.386,-0.386,8.0063,7.6989,7.6989,-0.3074
"Aliwal Shoal",8.0184,0.0494,7.8906,8.0884,-0.0852,-0.3508,-0.3508,7.9332,7.6676,7.6676,-0.2656
"iSimangaliso",7.8515,0.0682,7.7984,8.0804,-0.0643,-0.1218,-0.1218,7.7873,7.7297,7.7297,-0.0575
"Namaqua National Park MPA",7.7307,0.0528,7.683,7.8555,-0.1036,-0.3066,-0.3066,7.6271,7.4241,7.4241,-0.203
"uThukela",8.0513,0.0364,7.8643,8.0901,-0.0737,-0.3739,-0.3739,7.9775,7.6774,7.6774,-0.3002
"Agulhas bank complex",7.9915,0.0195,7.9554,8.0425,-0.0935,-0.391,-0.391,7.898,7.6005,7.6005,-0.2975
"Agulhas Fronts",7.8492,0.0145,7.8028,7.8699,-0.0199,-0.0194,-0.0194,7.8293,7.8298,7.8298,5e-04
"Agulhas Muds",7.9521,0.0097,7.9453,7.9717,-0.1012,-0.401,-0.401,7.8509,7.5511,7.5511,-0.2998
"Amathole Offshore",7.9813,0.0871,7.825,8.0771,-0.08,-0.2783,-0.2783,7.9013,7.703,7.703,-0.1983
"Amathole Offshore",7.9548,0.1001,7.8233,8.09,-0.0761,-0.2417,-0.2417,7.8788,7.7131,7.7131,-0.1656
"Benguela Muds",7.9074,0.0052,7.9044,7.9134,-0.1235,-0.264,-0.264,7.784,7.6434,7.6434,-0.1405
"Browns  Bank Corals 1",7.9722,0.0229,7.9537,7.9978,-0.0997,-0.3,-0.3,7.8725,7.6722,7.6722,-0.2003
"Browns  Bank Corals 2",7.9409,0.015,7.9212,7.9546,-0.0933,-0.2406,-0.2406,7.8476,7.7003,7.7003,-0.1473
"Browns  Bank Corals 3",7.9236,0.0101,7.9105,7.9317,-0.0877,-0.2139,-0.2139,7.8359,7.7097,7.7097,-0.1262
"Cape Canyon",7.8973,0.0077,7.8799,7.9097,-0.1168,-0.3204,-0.3204,7.7805,7.5769,7.5769,-0.2036
"Childs Bank",7.9054,0.0584,7.8169,8.0017,-0.1424,-0.3017,-0.3017,7.763,7.6037,7.6037,-0.1593
"Namaqua fossil forest",7.5769,0.0231,7.5351,7.6088,-0.0747,-0.2349,-0.2349,7.5022,7.342,7.342,-0.1602
"Orange shelf edge East",7.6797,0.0157,7.6535,7.7174,-0.1068,-0.2127,-0.2127,7.573,7.4671,7.4671,-0.1059
"Orange shelf edge West",7.7686,0.0591,7.6937,7.8776,-0.0832,-0.121,-0.121,7.6855,7.6477,7.6477,-0.0378
"Port Elizabeth Corals MPA",7.8667,0.0197,7.8444,7.9051,-0.0655,-0.1076,-0.1076,7.8012,7.7591,7.7591,-0.0421
"Protea Banks MPA",7.9105,0.0927,7.8153,8.0812,-0.0536,-0.1475,-0.1475,7.8569,7.763,7.763,-0.0939
"Robben Island",7.9485,0.0239,7.9253,8.0192,-0.0773,-0.372,-0.372,7.8713,7.5766,7.5766,-0.2947
"Southeast Atlantic Seamount East",7.8838,0.0295,7.8189,7.9792,-0.0258,-0.0348,-0.0348,7.858,7.8491,7.8491,-0.009
"Southeast Atlantic Seamount West",7.8217,0.0228,7.7966,7.9001,-0.0103,-0.0091,-0.0091,7.8114,7.8126,7.8126,0.0012
"Southwest Indian Seamount North",7.9588,0.0681,7.8495,8.0638,-0.086,-0.2679,-0.2679,7.8728,7.6909,7.6909,-0.1819
"Southwest Indian Seamount South",7.8099,0.029,7.7611,7.8776,-0.0112,-0.0101,-0.0101,7.7987,7.7998,7.7998,0.0011
"Agulhas bank complex",7.9969,0.0221,7.9513,8.0208,-0.0921,-0.3861,-0.3861,7.9047,7.6108,7.6108,-0.294
"Silhouette",7.9873,0.0145,7.9702,8.0055,-0.0682,-0.3521,-0.3521,7.9191,7.6352,7.6352,-0.2839
"Port  Launay",8.0334,0.0068,8.027,8.0405,-0.0655,-0.3547,-0.3547,7.9679,7.6787,7.6787,-0.2892
"Ste. Anne",7.9082,0.0955,7.837,8.0448,-0.0665,-0.2364,-0.2364,7.8417,7.6719,7.6719,-0.1699
"Curieuse",8.0447,1e-04,8.0447,8.0448,-0.0613,-0.3528,-0.3528,7.9834,7.6919,7.6919,-0.2915
"Cousin Special Reserve",8.0437,NA,8.0437,8.0437,-0.0589,-0.351,-0.351,7.9848,7.6926,7.6926,-0.2921
"Anse Faure Shell Reserve",8.0445,NA,8.0445,8.0445,-0.0613,-0.3531,-0.3531,7.9833,7.6914,7.6914,-0.2918
"Praslin Shell Reserve",8.0447,NA,8.0447,8.0447,-0.0613,-0.3528,-0.3528,7.9833,7.6918,7.6918,-0.2915
"La Digue",8.0436,NA,8.0436,8.0436,-0.0621,-0.3532,-0.3532,7.9815,7.6904,7.6904,-0.2911
"Ile Cocos, Ile La Fouche, Ilot Platte",NA,NA,NA,NA,1,1,1,NA,NA,NA,0
"Baie Ternay Marine National Park",8.027,NA,8.027,8.027,-0.0662,-0.3544,-0.3544,7.9608,7.6726,7.6726,-0.2882
"African Banks Marine",7.935,0.0298,7.9139,7.9561,-0.0859,-0.3511,-0.3511,7.8491,7.5839,7.5839,-0.2652
"Aride Island",8.0406,NA,8.0406,8.0406,-0.0636,-0.3543,-0.3543,7.977,7.6862,7.6862,-0.2907
"Aldabra Special Reserve",7.8181,0.033,7.7444,7.9855,-0.0206,-0.0371,-0.0371,7.7975,7.781,7.781,-0.0165
"North East Point",7.9026,NA,7.9026,7.9026,-0.0918,-0.3376,-0.3376,7.8108,7.565,7.565,-0.2458
"Amirantes to Fortune Bank",7.8498,0.0776,7.7238,8.0534,-0.0196,-0.0746,-0.0746,7.8302,7.7752,7.7752,-0.055
"Aldabra Marine National Park",7.805,0.0153,7.7414,7.9314,-0.0075,-0.0086,-0.0086,7.7974,7.7964,7.7964,-0.0011
"Kiwengwa Controlled Area (KCA)",NA,NA,NA,NA,1,1,1,NA,NA,NA,0
"Jozani-Chwaka Bay",8.062,0.0046,8.0588,8.0653,-0.0611,-0.363,-0.363,8.001,7.699,7.699,-0.3019
"Europa Island  Ramsar Site",7.9109,0.0835,7.861,8.0073,-0.042,-0.1347,-0.1347,7.869,7.7762,7.7762,-0.0927
"Juan de Nova",7.9103,0.1413,7.7723,8.0573,-0.0466,-0.1987,-0.1987,7.8637,7.7116,7.7116,-0.1521
"Bassa de India",7.8531,0.0271,7.7819,7.8669,-0.0219,-0.0215,-0.0215,7.8312,7.8316,7.8316,4e-04
"Tromelin",7.8032,NA,7.8032,7.8032,-0.0056,-0.0051,-0.0051,7.7975,7.798,7.798,5e-04
"Transboundary conservation area",7.9726,0.0764,7.7944,8.0637,-0.0911,-0.3288,-0.3288,7.8814,7.6438,7.6438,-0.2377
"Malindi",7.9991,0.0517,7.9528,8.0592,-0.0748,-0.3749,-0.3749,7.9243,7.6242,7.6242,-0.3001
"Watamu",NA,NA,NA,NA,1,1,1,NA,NA,NA,0
"Glorieuses Archipelago Natural National Reserve",7.937,0.1494,7.7774,8.0734,-0.0789,-0.2722,-0.2722,7.8581,7.6648,7.6648,-0.1933
"Southern & Antartic Islands",8.0058,0.0567,7.8908,8.0629,-0.0597,-0.3522,-0.3522,7.9461,7.6536,7.6536,-0.2925
